id,name,slug,web_url,aff_url,tracker_lock,h1keyword,meta_title,meta_keywords,meta_description,side_description_html,description_html,sidebar,home,ads_block_all,ads_block_banners,is_header,deals_home,tag_home,amazon_store,active,show_at_search_bar,extension_active,extension_mandatory,is_header_2,coupon_icon_visibility,store_status_visibility,logo_url,category_names,subcategories,coupon_h2_blocks,coupon_h3_blocks,faqs,suggestions,is_publish,views,created_at,updated_at,search_tsv,active_coupons_count,content_status,content_tier,scraped_data,scrape_score,content_generated_at,scrape_attempted_at,generation_error,trust_text,verifier_id,category_id,subcategory_id
19,Rogue Energy,roguenergy,https://rogueenergy.com,https://rogueenergy.com/gyacamgf,FALSE,"Rogue Energy drink, energy booster, sugar-free energy, Rogue Energy coupon, workout energy drink, clean energy supplement, Rogue Energy flavors, no crash energy",Rogue Energy Coupons & Promo Codes,"energy drink, sugar-free energy, workout booster, clean supplements, Rogue coupons","Fuel workouts with Rogue Energy’s clean, sugar-free energy supplements. Available in multiple flavors; use exclusive coupons for savings.","<h1>Rogue Energy Coupons, Promo Codes & Discount Deals on Health & Wellness</h1>
<p>If you are planning to shop for Health & Wellness online, using the latest Rogue Energy coupons, promo codes, and discount offers can help you save more on every order. Instead of paying the full price, you can apply active Rogue Energy coupon codes during checkout and unlock instant savings on a wide range of Health & Wellness products. Whether you are shopping for personal use, gifts, or seasonal needs, keeping an eye on updated Rogue Energy deals and offers is one of the smartest ways to control your budget without compromising on quality or choice. Before completing your purchase, simply search for new Rogue Energy promo codes and apply whichever gives you the best price. With the right timing and a valid Rogue Energy coupon, saving on Health & Wellness becomes simple, fast, and convenient.</p>","<h2>Why People Shop at Rogue Energy for Health & Wellness</h2>
<p>Shopping for Health & Wellness online gives you flexibility, variety, and convenience — and when you combine that experience with valid Rogue Energy coupons and deals, the value multiplies. Many shoppers prefer Rogue Energy because it allows them to browse different options at their own pace, compare prices, and then apply Rogue Energy coupon codes to reduce the final bill. This simple habit of checking for Rogue Energy offers before paying turns a normal purchase into a smarter one.</p>
<p>Instead of impulse buying, customers today are more intentional and savings-focused. They plan, compare, and use Rogue Energy discount codes to make sure they get the best possible price on Health & Wellness. This is exactly where Rogue Energy becomes useful — not only for variety, but also for savings opportunities through Rogue Energy promo codes and seasonal deals.</p>
<h2>What Shoppers Usually Look For in Health & Wellness</h2>
<p>People search for Health & Wellness for many reasons such as:</p>
<ul><li>daily use items</li><li>lifestyle upgrades</li><li>gifts for friends and family</li><li>seasonal purchases</li><li>hobby or interest-based shopping</li></ul>
<p>Typical choices inside Health & Wellness include both basic essentials and premium options. When paired with valid Rogue Energy coupon codes, even higher-value purchases can feel more affordable.</p>
<p>Customers often wait for:</p>
<ul><li>clearance sales</li><li>festival sales</li><li>end-of-season offers</li><li>site-wide Rogue Energy Health & Wellness sale events</li></ul>
<p>During these periods, combining discounts with Rogue Energy promo codes can unlock even bigger savings.</p>
<h2>How Rogue Energy Coupons & Deals Help You Save Money</h2>
<p>Rogue Energy coupons and promo codes work by giving you instant discounts at checkout. Depending on the offer terms, these may apply to:</p>
<ul><li>specific product categories</li><li>cart-wide purchases</li><li>selected brands or items</li><li>minimum order values</li></ul>
<p>Even when the base price is already discounted, a valid Rogue Energy coupon code may reduce the cost further where allowed. That's why experienced shoppers always check for:</p>
<ul><li>Rogue Energy coupons</li><li>Rogue Energy offers</li><li>Rogue Energy deals</li><li>Rogue Energy discount codes</li></ul>
<p>before placing any order related to Health & Wellness.</p>
<p>Over time, this single habit can create massive cumulative savings.</p>
<h2>Best Strategy to Use Rogue Energy Coupon Codes Effectively</h2>
<p>Here is a practical, beginner-friendly approach:</p>
<ul><li>Decide what you want from Health & Wellness</li><li>Add your preferred items to the cart</li><li>Search for Rogue Energy coupon codes and promo codes</li><li>Try the best two or three codes</li><li>Compare which one gives maximum discount</li><li>Proceed to payment only after the final price feels right</li></ul>
<p>If none of the Rogue Energy offers apply today, you can wait for an upcoming Rogue Energy Health & Wellness sale, or bookmark the page and revisit later.</p>
<p>This converts random buying into strategic shopping.</p>
<h2>When Do Rogue Energy Health & Wellness Deals Get Better?</h2>
<p>Savings often improve during:</p>
<ul><li>festive seasons</li><li>year-end clearances</li><li>payday sales</li><li>seasonal launch or clearance periods</li></ul>
<p>During such events, you may notice more active Rogue Energy coupons, promo codes, and Health & Wellness deals popping up. Checking regularly increases your chances of catching a better offer and applying the right Rogue Energy coupon code at the right time.</p>
<h2>Who Can Benefit the Most from Rogue Energy Coupons?</h2>
<p>The following shopper groups benefit strongly:</p>
<ul><li>budget-focused shoppers who compare before buying</li><li>students and families aiming to control expenses</li><li>frequent online shoppers who buy Health & Wellness regularly</li><li>gift buyers who shop seasonally</li><li>new shoppers trying Rogue Energy for the first time</li></ul>
<p>For all of them, combining shopping plans with Rogue Energy discounts and offers turns a normal purchase into a smarter financial decision.</p>
<h2>Common Mistakes While Using Rogue Energy Coupon Codes</h2>
<p>To avoid losing savings, keep these simple tips in mind:</p>
<ul><li>check expiry dates</li><li>ensure Health & Wellness item is eligible</li><li>meet any minimum order amount</li><li>avoid spacing or typos in code entry</li><li>try multiple Rogue Energy promo codes when permitted</li></ul>
<p>Most coupon failures happen because of small technicalities. Reviewing these conditions helps Rogue Energy coupon codes apply smoothly.</p>
<h2>Responsible Shopping & Smart Budgeting with Rogue Energy</h2>
<p>Using Rogue Energy coupons is not only about discounts — it also encourages better budgeting habits. Planning purchases around:</p>
<p>real needs</p>
<p>valid Rogue Energy offers</p>
<p>seasonal price drops</p>
<p>allows you to enjoy Health & Wellness without financial stress. Over time, this mindset builds long-term savings discipline.</p>
<h2>Summary: Why Rogue Energy Coupons Are Worth Checking</h2>
<p>To conclude, combining Rogue Energy coupon codes, promo codes, deals, and discount offers with thoughtful timing helps you save consistently on Health & Wellness purchases. Whether you are a regular shopper or buying occasionally, making it a habit to search for Rogue Energy coupons before checkout is one of the simplest ways to reduce your overall spending and get maximum value from every order.</p>
<h2>Frequently Asked Questions About Rogue Energy</h2>",FALSE,FALSE,FALSE,FALSE,FALSE,FALSE,FALSE,FALSE,TRUE,FALSE,FALSE,FALSE,FALSE,visible,visible,https://gtqghwfnbzqzwkkitbet.supabase.co/storage/v1/object/public/merchant-images/merchants/2025/09/1758645428396-rogueenenergy.png,"[""Health & Wellness""]","[""Fitness Supplements""]","[{""heading"":""15% Off Sitewide"",""description"":""Get 15% off all Rogue Energy products using verified promo codes for September 2025.""},{""heading"":""Buy 2 Get 1 Free on Select Energy Drinks"",""description"":""Purchase two cans of select Rogue Energy drinks and receive a third can free during limited promotions.""},{""heading"":""Free Shipping Over $49"",""description"":""Enjoy free shipping on all orders over $49 to fuel your gaming sessions affordably.""}]","[{""heading"":""20% Off First-Time Orders"",""description"":""New customers receive 20% off their first order with a promo code.""},{""heading"":""Combo Packs at Discounted Rates"",""description"":""Save on combo packs of Rogue Energy drinks with bundled pricing deals.""},{""heading"":""Membership Rewards Program"",""description"":""Join Rogue Energy’s rewards program to earn points and receive exclusive discounts.""}]","[{""answer"":""You can usually apply a Rogue Energy coupon code on the checkout or payment page. After adding Health & Wellness items to your cart, look for a box labeled 'Coupon Code,' 'Promo Code,' or 'Apply Discount.' Enter the code carefully, apply it, and the revised total will be shown instantly if the offer is valid."",""question"":""Where do I apply a Rogue Energy coupon code?""},{""answer"":""New Rogue Energy coupons and promo codes may be released during sales, seasons, festivals, product launches, or promotional campaigns. The availability changes frequently, which is why many shoppers check regularly for updated Rogue Energy deals and offers before placing an order."",""question"":""How often are new Rogue Energy coupons and promo codes released?""},{""answer"":""Most orders allow the use of only one Rogue Energy coupon code at a time. However, this single code may already include strong savings or bundled offers. Terms vary by promotion, so it's always best to check the specific offer details before completing payment."",""question"":""Can I use more than one Rogue Energy coupon in the same order?""},{""answer"":""If the Rogue Energy coupon doesn't apply, check if the code has expired, review eligibility, ensure minimum cart value, remove extra spaces or typos, or try another active Rogue Energy promo code."",""question"":""What should I do if a Rogue Energy coupon code doesn't work?""},{""answer"":""Some Rogue Energy offers apply to site-wide purchases, while others are limited to selected Health & Wellness products, brands, or minimum purchase conditions. Always review the specific terms listed with each deal or coupon."",""question"":""Do Rogue Energy offers apply to all Health & Wellness items?""},{""answer"":""Yes, seasonal and festival periods often bring bigger Rogue Energy Health & Wellness sales, along with fresh coupons, promo codes, and discount offers. Checking around major sale seasons increases your chances of catching better deals."",""question"":""Is there any Rogue Energy Health & Wellness sale during festivals or seasons?""},{""answer"":""Sometimes Rogue Energy discounts and promo codes can be applied on already discounted items, but in other cases, they apply only to full-priced products. Always read eligibility details before relying on stacking discounts."",""question"":""Are Rogue Energy discounts valid on already discounted products?""},{""answer"":""Check ongoing sales, compare multiple Rogue Energy coupon codes, place orders during seasonal or festival offers, subscribe to alerts, and recheck deals before final checkout."",""question"":""How do I get the best Rogue Energy Health & Wellness deals?""},{""answer"":""Sometimes first-time shopper offers or new user discounts are available at Rogue Energy. Availability changes frequently, so checking current offers is always worthwhile."",""question"":""Are there first-time shopper offers for Rogue Energy?""},{""answer"":""In many cases, Rogue Energy coupon codes can be used on both the website and mobile app, though some deals may be exclusive to one platform."",""question"":""Can Rogue Energy coupon codes be used on the mobile app and website both?""},{""answer"":""A Rogue Energy coupon may show invalid due to expired validity, ineligible items, minimum cart value not met, or user errors like typos."",""question"":""Why is my Rogue Energy coupon showing invalid?""},{""answer"":""Yes, deals can change often. New offers may be added, and expired ones removed based on campaigns, seasons, and inventory. Frequent checking ensures you don't miss better deals."",""question"":""Do Rogue Energy Health & Wellness deals change frequently?""},{""answer"":""Some discounts can stack, but others cannot. Always read the terms of the coupon or promotion to know if multiple discounts apply."",""question"":""Are Rogue Energy discounts cumulative?""},{""answer"":""Compare codes, apply the best ones, and use them during sales or promotions to maximize savings on Health & Wellness."",""question"":""What's the best way to use Rogue Energy coupons efficiently?""},{""answer"":""Subscribe to newsletters, check coupon websites, or follow Rogue Energy updates to stay informed about new deals and offers."",""question"":""How can I stay updated with new Rogue Energy coupons?""}]",[],TRUE,0,2025-09-22 06:53:01.829196+00,2026-02-25 11:45:32.892342+00,'energy':2 'health':3 'rogue':1 'wellness':4,15,template,,,,,,,,39,4,78
20,Loan Signing System,loasigningsystem,https://www.loansigningsystem.com/,https://www.loansigningsystem.com/,FALSE,"Loan Signing System training, notary loan signing, loan signing course, Loan Signing System review, remote notary training, loan signing certification, Loan Signing System discount, signing agent course",Loan Signing System - Become a Certified Signing Agent,"loan signing course, notary training, signing certification, remote notary, signing agent",Get certified quickly with Loan Signing System’s comprehensive training for notaries and signing agents. Includes exam prep and real-world practice.,Loan Signing System provides comprehensive training programs specifically designed for aspiring loan signing agents and notaries. Our courses emphasize certification and essential practical skills that are vital for success in the industry by 2025.,"<p>Loan Signing System (LSS) has emerged as America’s leading e-learning program for notary public loan signing agent training, empowering thousands to launch lucrative, flexible careers in real estate transactions. This in-depth merchant description synthesizes competitor insights, 2024–2025 industry trends, and diverse user viewpoints, while strategically interweaving short-tail, medium-tail, and long-tail keywords tailored to both searcher and algorithm intent.</p><h2><strong><u>Brand Mission &amp; Values</u></strong></h2><p>Loan Signing System’s mission is clear: make financial independence accessible through comprehensive notary loan signing education. The platform believes anyone—regardless of industry experience—can master loan signing and enjoy a flexible, high-earning profession if given the right tools, expert mentorship, and support. Its values are rooted in empowerment, transparency, and lifelong learning.</p><p>Founded by Mark Wills, LSS was built to demystify the loan signing process. The brand’s vision is to level the playing field, providing “proven, step-by-step training” so aspiring agents can build businesses that survive economic shifts and offer genuine work-life freedom. Through regularly updated content, personalized coaching, and an inclusive community, LSS encourages agents to learn confidently and earn independently.</p><h2><strong><u>Transformative Online Learning Experience</u></strong></h2><p>What sets Loan Signing System apart in the competitive e-learning landscape is its meticulous curriculum design and commitment to hands-on practical training. Every lesson is packed with actionable insights for both notary beginners and experienced professionals wanting to expand into loan signings.</p><p>Courses address loan document fundamentals, common pitfalls, document walkthroughs, marketing strategy, and compliance.</p><p>LSS blends self-paced prerecorded lessons with interactive webinars and live mentorship sessions, so learners can build mastery at their own speed while asking questions in real time.</p><p>Each student gains lifetime access to course materials, ensuring support from start-up through established practice.</p><p>Mock signing exercises are a cornerstone of the practical approach, enhancing confidence prior to actual appointments.</p><p>New video modules and business-building tools are added in step with industry trends, ensuring agents stay competitive in 2025 and beyond.</p><p>This comprehensive system means learners can become certified, get expert mentorship, and launch their new income stream—often within weeks.</p><h2><strong><u>Courses, Pricing &amp; Investment Advantage</u></strong></h2><p>To optimize accessibility, Loan Signing System offers three major online training courses tailored to user intent and budget:</p><p>Fundamental Course: $297 or 3 x $107, for new notaries seeking a rock-solid introduction to loan signing.</p><p>Professional Course: $497 or 4 x $137, for users aiming at advanced industry insights and live group coaching.</p><p>Six Figure Course: $797 or 6 x $147, a flagship all-inclusive track with extra live mentorship, business marketing bootcamps, and lifetime support.</p><p>All courses feature 24/7 lifetime access and immediate certification upon completion. Each tier is designed for progressive skill building, with installment options for affordability. Flexible policies allow students to purchase additional coaching or join group calls à la carte.</p><p>Keyword-driven benefits like “lifetime access notary training,” “affordable loan signing agent certification,” and “best value signing agent course” make LSS one of the top results for aspiring and advancing agents searching for a trusted e-learning brand in this niche.</p><h2><strong><u>Innovation, Tools &amp; Career Empowerment</u></strong></h2><p>LSS distinguishes itself not only through mastery-focused content but by delivering innovation in learning and business enablement:</p><p>Private Alumni Community: Graduates join a large, supportive network of over 100,000 certified notaries, sharing leads, advice, and accountability.</p><p>Direct Mentorship: Students enjoy weekly live coaching and drop-in Q&amp;A sessions with Mark Wills and guest industry experts, keeping courses relevant and personal.</p><p>Marketing Toolkit: Ready-to-use templates and proven strategies help agents land clients, ace interviews, and sustain a profitable loan signing business.</p><p>Certification: The LSS certification is respected by national signing agencies and mortgage services as proof of rigorous, up-to-date training.</p><p>Mobile Responsive Platform: Students can train from any device, with optimized videos, compressed resources, and intuitive mobile navigation.</p><p>This focus on flexibility, access, and real-world results keeps LSS atop search queries like “remote notary signing agent course,” “mentor-led notary training,” and “mobile friendly notary learning.”</p><h2><strong><u>Proven Results and User Success Stories</u></strong></h2><p>Loan Signing System’s community is built on real, measurable outcomes. Recent reviews and testimonials across trusted sites highlight LSS as both a transformative and practical career resource:</p><p>Dominique B. from BBB says, “The Loan Signing System was incredibly informative, motivating, and practical. Mark breaks down the process into easy, actionable steps. I walked away with not just knowledge but confidence. LSS is a solid investment for my business.”</p><p>Lana N., a course graduate, notes, “Absolutely worth every penny. The lessons are thorough, the community is uplifting, and the live classes inspired me to thrive as a notary loan signing agent.”</p><p>Jasmine Salah on YouTube shares, “Before LSS, I was making $100 a week. Now it’s $100 in less than an hour—I’ve changed my life, gained flexibility, and built financial stability.”</p><p>Gloria, as featured on YouTube, explains, “Loan Signing System has really changed my life and my family’s. I have a reliable source of income, more flexibility, and more security.”</p><p>Leslie B., with a real estate background, affirms, “I thought I knew the industry, but I learned so much more! Mark’s video lessons kept me motivated. Highly recommend LSS.”</p><p>Lashonda C. writes, “As a new notary, the clear descriptions and mock signing practice boosted my confidence. The course is a must for anyone looking to excel.”</p><p>Kelly B. adds, “I now feel confident I can do it. New signing agents should definitely use this if they’re hesitant like I was.”</p><p>@loansigningsystem (Instagram) features, “No degree or prior industry experience needed. With dedication and LSS’s support, you can succeed.”</p><p>A user on LinkedIn states, “LSS allowed me to save $15,000 in a retirement account. Not only am I making more, I’m finally building wealth on my own terms.”</p><p>David B. on YouTube offers, “Last year I made $147,000. I generated $23,000 and the year isn’t even over yet.”</p><p>Feedback consistently spotlights the 9-step system, engaged mentorship, and immediate, career-changing impacts reported by students across all backgrounds.</p><h2><strong><u>How to Contact Loan Signing System</u></strong></h2><p>Loan Signing System guarantees strong support and multiple points of contact:</p><p>Website Contact Forms: Accessible at loansigningsystem.com for prompt questions, technical support, or course enrollment assistance.</p><p>Live Chat: Available during weekday business hours for instant help.</p><p>Dedicated Support Email: support@loansigningsystem.com for detailed inquiries or feedback on coursework.</p><p>Official Social Media Channels: Verified presence on Instagram, Facebook, and YouTube for announcements, DMs, and community engagement.</p><p>Comprehensive Knowledge Base: Extensive FAQs and help articles offer round-the-clock answers on all major topics.</p><p>Feedback Forms: Encourage user suggestions for course improvements.</p><p>Privacy/Returns Info: Clear, transparent policies ensure user trust and compliance, with all contact CTAs (“Contact Support,” “Live Chat,” “Email Us,” “Get Help Now”) mobile optimized and appearing at both the top and bottom of essential site pages.</p><p>Always use official support channels listed on the website to ensure prompt, confidential assistance.</p><h2><strong><u>Essential FAQs for Loan Signing System</u></strong></h2><p>1. Do I need prior notary or real estate experience to succeed in the Loan Signing System course?</p><p>No experience is required. LSS provides step-by-step training and practical assignments perfect for beginners or those changing careers.</p><p>2. What’s the difference between the Fundamental, Professional, and Six Figure courses?</p><p>The Fundamental covers basics for new notaries, Professional adds advanced insights and coaching, while Six Figure includes exclusive live sessions and advanced marketing for maximum earning potential.</p><p>3. How long does it take to complete the training and get certified?</p><p>Most students complete the course within a few days to weeks depending on pace and schedule. Certification is immediate upon successful course completion.</p><p>4. Will I receive ongoing support and updates after enrolling?</p><p>Yes. Students enjoy lifetime access to all materials, regular updates, live mentorship calls, and can connect with peers for additional help.</p><p>5. Is the Loan Signing System recognized by signing services and mortgage companies?</p><p>Absolutely. LSS certification is trusted by title and signing agencies nationwide, helping graduates secure jobs and assignments faster.</p><p>Loan Signing System is the go-to, trusted e-learning platform for anyone seeking profitable independence as a notary loan signing agent in 2025. Its blend of expert training, genuine mentorship, flexible pricing, and life-changing alumni stories sets it apart as the best notary signing course—making it a top result for searchers looking to quickly upskill, get certified, or diversify their income in the thriving real estate lending market.</p>",FALSE,FALSE,FALSE,FALSE,FALSE,FALSE,FALSE,FALSE,TRUE,FALSE,FALSE,FALSE,FALSE,visible,visible,https://gtqghwfnbzqzwkkitbet.supabase.co/storage/v1/object/public/merchant-images/merchants/2025/09/1758654590278-loansigning.png,"[""Education""]",[],"[{""heading"":""Up to 75% Off Courses"",""description"":""Get up to 75% off on loan signing training courses with verified coupon codes.""},{""heading"":""15% Off on Certification Prep"",""description"":""Save 15% on certification preparation packages for notary and loan signing.""},{""heading"":""Free Resources with Course Purchase"",""description"":""Receive exclusive free study resources with every course purchase during this promotion.""}]","[{""heading"":""10% Off Starter Pack"",""description"":""Get a 10% discount on the starter loan signing system course bundle.""},{""heading"":""Referral Discounts"",""description"":""Earn referral rewards by inviting others to join loan signing courses.""},{""heading"":""Limited-Time Bundle Deals"",""description"":""Save big on bundles that include training and continuing education materials.""}]","[{""answer"":""It is a comprehensive training program for becoming a certified loan signing agent."",""question"":""What is the Loan Signing System?""},{""answer"":""Enrollment can be done online via the official website through a simple sign-up process."",""question"":""How do I enroll in Loan Signing System courses?""},{""answer"":""Basic notary public certification is recommended before starting loan signing agent training."",""question"":""Are there any prerequisites for the courses?""},{""answer"":""Course durations vary, but most can be completed within a few weeks depending on the learner's schedule."",""question"":""How long does it take to complete the courses?""},{""answer"":""Refunds may be available under certain conditions; contact customer support for details."",""question"":""Is there a refund policy?""},{""answer"":""Yes, course materials remain accessible for continued learning and reference."",""question"":""Can I access course materials after completion?""},{""answer"":""Many courses offer continuing education credits recognized in the industry."",""question"":""Are continuing education credits included?""},{""answer"":""Support is available via email and phone throughout your training period."",""question"":""Is customer support available?""},{""answer"":""Yes, a certificate is awarded after successfully completing the course."",""question"":""Do I get a certificate upon completion?""},{""answer"":""Course retakes are allowed according to the program's policies."",""question"":""Can I retake course modules if needed?""},{""answer"":""Some financing plans are available; check the website for eligibility."",""question"":""Are there any financing options?""},{""answer"":""Major credit cards and PayPal are accepted for course fees."",""question"":""What payment methods are accepted?""},{""answer"":""The platform supports mobile access for flexible learning on the go."",""question"":""Can I access courses on mobile devices?""},{""answer"":""Job support services may be available; check with customer service."",""question"":""Does Loan Signing System offer job placement assistance?""},{""answer"":""Courses are periodically updated with current industry standards and regulations."",""question"":""Are there updates to course content?""}]",[],TRUE,0,2025-09-22 06:53:01.829196+00,2026-02-25 11:45:32.892342+00,'education':4 'loan':1 'signing':2 'system':3,16,template,,,,,,,,27,11,
67,BUBS Naturals,bubsnaturals,https://www.bubsnaturals.com/,https://www.bubsnaturals.com/,FALSE,"BUBS Naturals collagen peptides, vegan MCT oil, BUBS supplements, energy powder 2025, BUBS Naturals review, keto MCT coupon, healthy aging protein, BUBS wellness bundle","BUBS Naturals - Collagen, MCT Oil & Wellness Kits","collagen peptides, MCT oil, BUBS Naturals coupon, energy supplements, vegan protein","Improve wellness with BUBS collagen peptides and vegan MCT oil—trusted for keto, energy, and healthy aging with 2025 coupon deals.","BUBS Naturals provides premium collagen and MCT oil powders designed to boost energy, support joint health, and promote overall wellness. Our products are vegan, keto-friendly, and highly rated.","<h2><strong><u>BUBS Naturals – Fueling a Life of Health, Honor, and High Performance</u></strong></h2><p>In a world where wellness often feels complicated, BUBS Naturals stands for something refreshingly pure — simplicity, honesty, and performance rooted in purpose. This premium health and wellness brand has quickly become a trusted favorite among athletes, fitness enthusiasts, and mindful consumers seeking clean, effective nutrition without compromise.</p><p>From collagen protein to MCT oil powder, BUBS Naturals is built on a mission to help people feel great and do good — all while honoring the legacy of Glen “BUB” Doherty, a Navy SEAL hero whose life embodied courage, integrity, and service. Every scoop of BUBS product fuels not just your body but a cause greater than yourself.</p><p>With sustainability at its core and transparency in every formula, BUBS Naturals has set a new gold standard for functional nutrition in the health and wellness category.</p><h2><strong><u>The Story Behind the Name</u></strong></h2><p>BUBS Naturals was founded to carry forward the spirit of friendship and determination that characterized Glen “BUB” Doherty’s life. His lifelong friends, determined to continue his legacy, created a brand that reflects his principles: helping others and living fully.</p><p>That’s why 10% of all profits go directly to the Glen Doherty Memorial Foundation, supporting education and career transitions for military veterans.</p><p>This charitable foundation is not just an afterthought — it’s at the heart of the BUBS philosophy. Every customer who chooses BUBS Naturals becomes part of a community that believes wellness isn’t only personal — it’s purposeful.</p><h2><strong><u>Pure Ingredients, Proven Benefits</u></strong></h2><p>At a time when many supplements rely on artificial additives and vague promises, BUBS Naturals takes a transparent, science-backed approach. Their formulations are designed with a single focus: to enhance human performance naturally.</p><h2><strong><u>Collagen Protein</u></strong></h2><p>The flagship BUBS Collagen Protein is sourced from grass-fed, pasture-raised bovine hides and contains no artificial sweeteners, colors, or fillers. It supports joint health, skin elasticity, and muscle recovery — all essential for active individuals and aging adults alike.</p><p>Daily use helps increase flexibility, strengthen connective tissues, and reduce post-workout soreness. What makes it stand out is the purity — it dissolves instantly, tastes neutral, and integrates seamlessly into coffee, smoothies, or even baking recipes.</p><h2><strong><u>MCT Oil Powder</u></strong></h2><p>For clean, sustained energy, BUBS offers MCT Oil Powder derived from coconuts — not palm oil — ensuring both ethical sourcing and top-quality nutrition. It promotes mental clarity, sustained focus, and fat metabolism, making it a favorite among those following keto, paleo, or intermittent fasting lifestyles.</p><p>Unlike liquid MCT oil, this powder blends easily and doesn’t upset digestion, providing smooth, long-lasting fuel without crashes.</p><h2><strong><u>Hydrate or Die Electrolytes</u></strong></h2><p>Recognizing the need for balanced hydration, BUBS launched Hydrate or Die, an electrolyte formula that replenishes minerals lost during exercise. It’s sugar-free, vegan, and designed for superior absorption, ensuring hydration without the artificial additives found in many sports drinks.</p><p>Fountain of Youth Bundle</p><p>For those seeking holistic rejuvenation, the Fountain of Youth Collagen + Vitamin C formula supports skin repair, immune function, and healthy aging from within — a true superfood blend for modern wellness routines.</p><p>Every product is third-party tested for quality, safety, and purity, ensuring customers receive exactly what they expect — clean, honest, and effective nutrition.</p><h2><strong><u>Designed for Active, Everyday Living</u></strong></h2><p>BUBS Naturals isn’t just for gym-goers or professional athletes — it’s for anyone striving to live better. Their range fits seamlessly into everyday routines, whether it’s a parent boosting morning energy, a runner recovering post-workout, or an entrepreneur enhancing focus through natural fuel.</p><p>The simplicity of the ingredients allows users to mix products effortlessly into their lifestyle. A scoop of collagen in your morning coffee, a spoonful of MCT powder in your shake, or a hydration packet during a hike — BUBS Naturals makes wellness approachable, not intimidating.</p><p>This accessibility is what sets BUBS apart. It’s real nutrition for real people, built on honesty, discipline, and heart.</p><h2><strong><u>Innovation Rooted in Purpose</u></strong></h2><p>While many brands chase trends, BUBS Naturals focuses on long-term innovation grounded in health science. Their products are designed with input from nutritionists, athletes, and wellness experts, ensuring real benefits over hype.</p><p>Their proprietary processes — from hydrolyzed collagen to micro-encapsulated MCT oil — preserve nutrient integrity while enhancing digestibility. The results are visible in user experiences: faster recovery, stronger joints, better digestion, clearer skin, and improved endurance.</p><p>This commitment to quality and innovation has earned BUBS Naturals a loyal following among biohackers, CrossFit athletes, and even military veterans who value performance backed by purpose.</p><h2><strong><u>A Brand Built on Transparency and Trust</u></strong></h2><p>In the modern supplement industry, trust is everything — and BUBS Naturals has earned it through radical transparency.</p><p>Every batch is third-party tested for heavy metals, allergens, and contaminants. The brand publishes clear ingredient lists and sourcing details, so customers know exactly what they’re putting in their bodies.</p><p>There are no artificial additives, hidden fillers, or marketing tricks — just clean, functional nutrition that works. This level of integrity has made BUBS Naturals one of the most respected brands in the wellness community, often cited by fitness coaches and health experts as a model for ethical supplement manufacturing.</p><h2><strong><u>Sustainability and Ethical Responsibility</u></strong></h2><p>BUBS Naturals believes that health doesn’t stop with the individual — it extends to the planet. Sustainability influences every aspect of their operations.</p><p>From using 100% recyclable packaging to sourcing responsibly from regenerative farms, the company’s eco-conscious approach ensures minimal environmental impact. Their coconut-based MCTs avoid the deforestation issues linked to palm oil production, and all collagen sourcing follows humane, pasture-based standards.</p><p>Even the brand’s shipping practices reflect environmental mindfulness — packaging materials are biodegradable and shipping partners are carbon-offset certified.</p><p>By prioritizing sustainability, BUBS Naturals has positioned itself as not just a health brand but an ethical movement toward cleaner, greener living.</p><h2><strong><u>Real Customers, Real Results</u></strong></h2><p>The best proof of BUBS Naturals’ excellence comes from the voices of those who use it every day. Across social media, fitness forums, and review platforms, customers consistently praise the brand’s quality, results, and values.</p><h2><strong><u>Here are ten genuine testimonials that reflect the experience of real users:</u></strong></h2><p>@fitmomkaren, Instagram</p><p>“BUBS Collagen has changed my post-workout recovery completely. No more knee pain, and my skin feels amazing!”</p><p>Jake P., Trustpilot</p><p>“The MCT oil powder keeps me sharp all morning without the jitters. I can’t start my day without it.”</p><p>@thewellnesswarrior, Instagram</p><p>“Finally a supplement brand that’s transparent and truly clean. I love supporting something that gives back to veterans.”</p><p>Tina L., Verified Buyer</p><p>“My husband and I both use BUBS daily. The collagen dissolves perfectly in coffee — no clumps, no taste, just results.”</p><p>David R., Reddit Review</p><p>“I’ve tried every collagen brand on the market, and BUBS is by far the best. My joints feel younger, and my skin looks better than ever.”</p><p>@everydayathlete, Instagram</p><p>“Hydrate or Die is my secret weapon for long runs. It’s clean, effective, and tastes great.”</p><p>Katie, Trustpilot</p><p>“Customer service was incredible. They replaced a lost package immediately — you can tell this brand truly cares.”</p><p>James P., Verified Buyer</p><p>“I switched to BUBS for their mission, but I stayed for the results. My energy levels and focus have never been better.”</p><p>@cleanlivingcoach, Instagram</p><p>“I recommend BUBS Naturals to all my clients. It’s honest nutrition from a company with real heart.”</p><p>Nina K., Facebook Review</p><p>“It feels good knowing that my purchase helps veterans. Great products, amazing brand story, and real impact.”</p><p>These testimonials reflect the genuine trust and community BUBS has built — not just customers, but advocates for a healthier, more purposeful lifestyle.</p><h2><strong><u>Empowering the Wellness Community</u></strong></h2><p>Beyond selling supplements, BUBS Naturals invests in educating its customers. The brand regularly shares insights on nutrition, fitness, and longevity, helping people make informed choices about their health.</p><p>Their growing social community celebrates balance, movement, and mindful living. Through partnerships with wellness influencers and athletes, BUBS Naturals inspires people to push limits while staying grounded in gratitude and purpose.</p><p>This holistic approach — blending science, story, and soul — has positioned BUBS as a pioneer in the evolving world of functional wellness.</p><h2><strong><u>How to Contact BUBS Naturals</u></strong></h2><p>For product support, orders, or wholesale inquiries, customers can reach out through the following official channels:</p><p>Phone: +1 (760) 707-9928</p><p>Email: support@bubsnaturals.com</p><p>Customer Service Hours: Monday – Friday, 9:00 AM to 5:00 PM (PST)</p><p>Their customer service team is known for its friendliness and efficiency — whether it’s answering questions, assisting with subscriptions, or helping first-time buyers find the right products.</p><h2><strong><u>Final Considerations</u></strong></h2><p>BUBS Naturals is more than a supplement brand — it’s a lifestyle movement built on performance, purity, and purpose. Every scoop tells a story of health, honor, and humanity.</p><p>From its transparent sourcing to its dedication to giving back, BUBS embodies everything modern consumers look for: clean ingredients, sustainable ethics, and meaningful impact.</p><p>In an industry often crowded with overhyped promises, BUBS Naturals stands apart as a brand that delivers — scientifically, ethically, and emotionally.</p><p>Whether you’re training for peak performance, optimizing your nutrition, or simply striving for better daily energy, BUBS Naturals helps you feel great, do good, and live fully.</p><h2><strong><u>Top 5 Frequently Asked Questions (FAQs)</u></strong></h2><p>1. What makes BUBS Naturals collagen different from others?</p><p>BUBS Collagen is made from grass-fed, pasture-raised bovine hides with no additives, ensuring higher bioavailability and cleaner results.</p><p>2. Can I use MCT Oil Powder if I’m not on a keto diet?</p><p>Yes. BUBS MCT Oil Powder is great for sustained energy, focus, and metabolism — suitable for any lifestyle, not just keto.</p><p>3. Is BUBS Naturals safe for daily use?</p><p>Absolutely. All products are third-party tested, non-GMO, and free from gluten, dairy, and artificial ingredients for safe daily consumption.</p><p>4. Does BUBS Naturals ship internationally?</p><p>Yes. BUBS offers international shipping to several countries, ensuring global access to their products.</p><p>5. What causes does BUBS Naturals support?</p><p>10% of profits go to the Glen Doherty Memorial Foundation, helping military veterans and their families pursue education and new careers.</p>",FALSE,FALSE,FALSE,FALSE,FALSE,FALSE,FALSE,FALSE,TRUE,FALSE,FALSE,FALSE,FALSE,visible,visible,https://gtqghwfnbzqzwkkitbet.supabase.co/storage/v1/object/public/merchant-images/merchants/2025/09/1759217162653-bub.png,"[""Health & Wellness""]",[],"[{""heading"":""20% Off Protein Powders"",""description"":""Save 20% on all BUBS Naturals protein powders and supplements with active promo codes.""},{""heading"":""Free Shipping Over $75"",""description"":""Free shipping on all orders over $75.""},{""heading"":""Bundle Deals"",""description"":""Get discounts on bundled supplement packs.""}]","[{""heading"":""15% Off First Order"",""description"":""New customers get 15% off their first purchase at BUBS Naturals.""},{""heading"":""Referral Program"",""description"":""Earn rewards for referring friends to BUBS Naturals.""},{""heading"":""Seasonal Promotions"",""description"":""Limited-time discounts during fitness and wellness months.""}]","[{""answer"":""BUBS Naturals offers plant-based, whey, and collagen protein powders."",""question"":""What types of protein powders does BUBS Naturals offer?""},{""answer"":""Many products contain organic ingredients and are non-GMO."",""question"":""Are BUBS Naturals products organic?""},{""answer"":""Products list allergen information clearly on packaging."",""question"":""Are supplements safe for allergies?""},{""answer"":""Enter promo codes during checkout to apply discounts."",""question"":""How do I redeem coupons?""},{""answer"":""No, formulas use natural sweeteners and no artificial additives."",""question"":""Do BUBS Naturals products contain artificial sweeteners?""},{""answer"":""Subscription plans with discounts are available for repeat orders."",""question"":""Is there a subscription option?""},{""answer"":""Tracking details are emailed after shipment."",""question"":""Can I track my order?""},{""answer"":""Support is accessible via phone, email, and chat."",""question"":""Is customer service responsive?""},{""answer"":""Sample and trial packs may be available seasonally."",""question"":""Are there sample packs available?""},{""answer"":""Rewards points accumulate on all purchases for savings."",""question"":""Are there rewards or loyalty programs?""},{""answer"":""Many products are gluten and dairy-free; check labels."",""question"":""Are products gluten-free?""},{""answer"":""Shipping usually takes 3-5 business days."",""question"":""How long does shipping take?""},{""answer"":""Returns are accepted per policy within 30 days."",""question"":""Can I return products?""},{""answer"":""Some protein powders are vegan-friendly; see product descriptions."",""question"":""Are products suitable for vegans?""},{""answer"":""Yes, keto-compatible protein powders are available."",""question"":""Is there keto-friendly options?""}]",[],TRUE,0,2025-09-22 06:53:01.829196+00,2026-02-25 11:45:32.892342+00,'bubs':1 'health':3 'naturals':2 'wellness':4,5,template,,,,,,,,39,4,
15469,Oldbonesco,oldbonesco,https://www.oldbonesco.com,,FALSE,,Oldbonesco Coupons & Promo Codes,"Oldbonesco coupons, Oldbonesco promo codes, Oldbonesco deals, Automotive discounts, online offers","Use verified Oldbonesco coupons, promo codes and discount offers to save on Automotive. Get the latest Oldbonesco deals before checkout and cut your online shopping bill.","<h1>Oldbonesco Coupons, Promo Codes & Discount Deals on Automotive</h1>
<p>If you are planning to shop for Automotive online, using the latest Oldbonesco coupons, promo codes, and discount offers can help you save more on every order. Instead of paying the full price, you can apply active Oldbonesco coupon codes during checkout and unlock instant savings on a wide range of Automotive products. Whether you are shopping for personal use, gifts, or seasonal needs, keeping an eye on updated Oldbonesco deals and offers is one of the smartest ways to control your budget without compromising on quality or choice. Before completing your purchase, simply search for new Oldbonesco promo codes and apply whichever gives you the best price. With the right timing and a valid Oldbonesco coupon, saving on Automotive becomes simple, fast, and convenient.</p>","<h2>Why People Shop at Oldbonesco for Automotive</h2>
<p>Shopping for Automotive online gives you flexibility, variety, and convenience — and when you combine that experience with valid Oldbonesco coupons and deals, the value multiplies. Many shoppers prefer Oldbonesco because it allows them to browse different options at their own pace, compare prices, and then apply Oldbonesco coupon codes to reduce the final bill. This simple habit of checking for Oldbonesco offers before paying turns a normal purchase into a smarter one.</p>
<p>Instead of impulse buying, customers today are more intentional and savings-focused. They plan, compare, and use Oldbonesco discount codes to make sure they get the best possible price on Automotive. This is exactly where Oldbonesco becomes useful — not only for variety, but also for savings opportunities through Oldbonesco promo codes and seasonal deals.</p>
<h2>What Shoppers Usually Look For in Automotive</h2>
<p>People search for Automotive for many reasons such as:</p>
<ul><li>daily use items</li><li>lifestyle upgrades</li><li>gifts for friends and family</li><li>seasonal purchases</li><li>hobby or interest-based shopping</li></ul>
<p>Typical choices inside Automotive include both basic essentials and premium options. When paired with valid Oldbonesco coupon codes, even higher-value purchases can feel more affordable.</p>
<p>Customers often wait for:</p>
<ul><li>clearance sales</li><li>festival sales</li><li>end-of-season offers</li><li>site-wide Oldbonesco Automotive sale events</li></ul>
<p>During these periods, combining discounts with Oldbonesco promo codes can unlock even bigger savings.</p>
<h2>How Oldbonesco Coupons & Deals Help You Save Money</h2>
<p>Oldbonesco coupons and promo codes work by giving you instant discounts at checkout. Depending on the offer terms, these may apply to:</p>
<ul><li>specific product categories</li><li>cart-wide purchases</li><li>selected brands or items</li><li>minimum order values</li></ul>
<p>Even when the base price is already discounted, a valid Oldbonesco coupon code may reduce the cost further where allowed. That's why experienced shoppers always check for:</p>
<ul><li>Oldbonesco coupons</li><li>Oldbonesco offers</li><li>Oldbonesco deals</li><li>Oldbonesco discount codes</li></ul>
<p>before placing any order related to Automotive.</p>
<p>Over time, this single habit can create massive cumulative savings.</p>
<h2>Best Strategy to Use Oldbonesco Coupon Codes Effectively</h2>
<p>Here is a practical, beginner-friendly approach:</p>
<ul><li>Decide what you want from Automotive</li><li>Add your preferred items to the cart</li><li>Search for Oldbonesco coupon codes and promo codes</li><li>Try the best two or three codes</li><li>Compare which one gives maximum discount</li><li>Proceed to payment only after the final price feels right</li></ul>
<p>If none of the Oldbonesco offers apply today, you can wait for an upcoming Oldbonesco Automotive sale, or bookmark the page and revisit later.</p>
<p>This converts random buying into strategic shopping.</p>
<h2>When Do Oldbonesco Automotive Deals Get Better?</h2>
<p>Savings often improve during:</p>
<ul><li>festive seasons</li><li>year-end clearances</li><li>payday sales</li><li>seasonal launch or clearance periods</li></ul>
<p>During such events, you may notice more active Oldbonesco coupons, promo codes, and Automotive deals popping up. Checking regularly increases your chances of catching a better offer and applying the right Oldbonesco coupon code at the right time.</p>
<h2>Who Can Benefit the Most from Oldbonesco Coupons?</h2>
<p>The following shopper groups benefit strongly:</p>
<ul><li>budget-focused shoppers who compare before buying</li><li>students and families aiming to control expenses</li><li>frequent online shoppers who buy Automotive regularly</li><li>gift buyers who shop seasonally</li><li>new shoppers trying Oldbonesco for the first time</li></ul>
<p>For all of them, combining shopping plans with Oldbonesco discounts and offers turns a normal purchase into a smarter financial decision.</p>
<h2>Common Mistakes While Using Oldbonesco Coupon Codes</h2>
<p>To avoid losing savings, keep these simple tips in mind:</p>
<ul><li>check expiry dates</li><li>ensure Automotive item is eligible</li><li>meet any minimum order amount</li><li>avoid spacing or typos in code entry</li><li>try multiple Oldbonesco promo codes when permitted</li></ul>
<p>Most coupon failures happen because of small technicalities. Reviewing these conditions helps Oldbonesco coupon codes apply smoothly.</p>
<h2>Responsible Shopping & Smart Budgeting with Oldbonesco</h2>
<p>Using Oldbonesco coupons is not only about discounts — it also encourages better budgeting habits. Planning purchases around:</p>
<p>real needs</p>
<p>valid Oldbonesco offers</p>
<p>seasonal price drops</p>
<p>allows you to enjoy Automotive without financial stress. Over time, this mindset builds long-term savings discipline.</p>
<h2>Summary: Why Oldbonesco Coupons Are Worth Checking</h2>
<p>To conclude, combining Oldbonesco coupon codes, promo codes, deals, and discount offers with thoughtful timing helps you save consistently on Automotive purchases. Whether you are a regular shopper or buying occasionally, making it a habit to search for Oldbonesco coupons before checkout is one of the simplest ways to reduce your overall spending and get maximum value from every order.</p>
<h2>Frequently Asked Questions About Oldbonesco</h2>",FALSE,FALSE,FALSE,FALSE,FALSE,FALSE,FALSE,FALSE,TRUE,FALSE,FALSE,FALSE,FALSE,visible,visible,https://gtqghwfnbzqzwkkitbet.supabase.co/storage/v1/object/public/merchant-images/merchants/2026/01/1767960194156-oldbonesco-coupons.webp,"[""Automotive""]","[""Motorcycle Accessories""]",[],[],"[{""answer"":""You can usually apply a Oldbonesco coupon code on the checkout or payment page. After adding Automotive items to your cart, look for a box labeled 'Coupon Code,' 'Promo Code,' or 'Apply Discount.' Enter the code carefully, apply it, and the revised total will be shown instantly if the offer is valid."",""question"":""Where do I apply a Oldbonesco coupon code?""},{""answer"":""New Oldbonesco coupons and promo codes may be released during sales, seasons, festivals, product launches, or promotional campaigns. The availability changes frequently, which is why many shoppers check regularly for updated Oldbonesco deals and offers before placing an order."",""question"":""How often are new Oldbonesco coupons and promo codes released?""},{""answer"":""Most orders allow the use of only one Oldbonesco coupon code at a time. However, this single code may already include strong savings or bundled offers. Terms vary by promotion, so it's always best to check the specific offer details before completing payment."",""question"":""Can I use more than one Oldbonesco coupon in the same order?""},{""answer"":""If the Oldbonesco coupon doesn't apply, check if the code has expired, review eligibility, ensure minimum cart value, remove extra spaces or typos, or try another active Oldbonesco promo code."",""question"":""What should I do if a Oldbonesco coupon code doesn't work?""},{""answer"":""Some Oldbonesco offers apply to site-wide purchases, while others are limited to selected Automotive products, brands, or minimum purchase conditions. Always review the specific terms listed with each deal or coupon."",""question"":""Do Oldbonesco offers apply to all Automotive items?""},{""answer"":""Yes, seasonal and festival periods often bring bigger Oldbonesco Automotive sales, along with fresh coupons, promo codes, and discount offers. Checking around major sale seasons increases your chances of catching better deals."",""question"":""Is there any Oldbonesco Automotive sale during festivals or seasons?""},{""answer"":""Sometimes Oldbonesco discounts and promo codes can be applied on already discounted items, but in other cases, they apply only to full-priced products. Always read eligibility details before relying on stacking discounts."",""question"":""Are Oldbonesco discounts valid on already discounted products?""},{""answer"":""Check ongoing sales, compare multiple Oldbonesco coupon codes, place orders during seasonal or festival offers, subscribe to alerts, and recheck deals before final checkout."",""question"":""How do I get the best Oldbonesco Automotive deals?""},{""answer"":""Sometimes first-time shopper offers or new user discounts are available at Oldbonesco. Availability changes frequently, so checking current offers is always worthwhile."",""question"":""Are there first-time shopper offers for Oldbonesco?""},{""answer"":""In many cases, Oldbonesco coupon codes can be used on both the website and mobile app, though some deals may be exclusive to one platform."",""question"":""Can Oldbonesco coupon codes be used on the mobile app and website both?""},{""answer"":""A Oldbonesco coupon may show invalid due to expired validity, ineligible items, minimum cart value not met, or user errors like typos."",""question"":""Why is my Oldbonesco coupon showing invalid?""},{""answer"":""Yes, deals can change often. New offers may be added, and expired ones removed based on campaigns, seasons, and inventory. Frequent checking ensures you don't miss better deals."",""question"":""Do Oldbonesco Automotive deals change frequently?""},{""answer"":""Some discounts can stack, but others cannot. Always read the terms of the coupon or promotion to know if multiple discounts apply."",""question"":""Are Oldbonesco discounts cumulative?""},{""answer"":""Compare codes, apply the best ones, and use them during sales or promotions to maximize savings on Automotive."",""question"":""What's the best way to use Oldbonesco coupons efficiently?""},{""answer"":""Subscribe to newsletters, check coupon websites, or follow Oldbonesco updates to stay informed about new deals and offers."",""question"":""How can I stay updated with new Oldbonesco coupons?""}]",[],TRUE,0,2026-01-09 12:02:48.145159+00,2026-02-25 11:45:32.892342+00,'automotive':2 'oldbonesco':1,14,template,,,,,,,,37,14,153
98,AirDNA,airdna,https://www.airdna.co/,https://gbp-invite.airdna.co/Saving-Harbor?utm_source=copy&utm_medium=portal,FALSE,"AirDNA Coupons, Promo Codes & Discount Deals on Software",AirDNA Coupons & Promo Codes,"Airbnb analytics, AirDNA review, rental data, property dashboard, market demand insight","Unlock rental insights with AirDNA’s vacation rental analytics—track occupancy, pricing, and property performance for Airbnb and VRBO in 2025.","<h1>AirDNA Coupons, Promo Codes & Discount Deals on Software</h1>
<p>If you are planning to shop for Software online, using the latest AirDNA coupons, promo codes, and discount offers can help you save more on every order. Instead of paying the full price, you can apply active AirDNA coupon codes during checkout and unlock instant savings on a wide range of Software products. Whether you are shopping for personal use, gifts, or seasonal needs, keeping an eye on updated AirDNA deals and offers is one of the smartest ways to control your budget without compromising on quality or choice. Before completing your purchase, simply search for new AirDNA promo codes and apply whichever gives you the best price. With the right timing and a valid AirDNA coupon, saving on Software becomes simple, fast, and convenient.</p>","<h2>Why People Shop at AirDNA for Software</h2>
<p>Shopping for Software online gives you flexibility, variety, and convenience — and when you combine that experience with valid AirDNA coupons and deals, the value multiplies. Many shoppers prefer AirDNA because it allows them to browse different options at their own pace, compare prices, and then apply AirDNA coupon codes to reduce the final bill. This simple habit of checking for AirDNA offers before paying turns a normal purchase into a smarter one.</p>
<p>Instead of impulse buying, customers today are more intentional and savings-focused. They plan, compare, and use AirDNA discount codes to make sure they get the best possible price on Software. This is exactly where AirDNA becomes useful — not only for variety, but also for savings opportunities through AirDNA promo codes and seasonal deals.</p>
<h2>What Shoppers Usually Look For in Software</h2>
<p>People search for Software for many reasons such as:</p>
<ul><li>daily use items</li><li>lifestyle upgrades</li><li>gifts for friends and family</li><li>seasonal purchases</li><li>hobby or interest-based shopping</li></ul>
<p>Typical choices inside Software include both basic essentials and premium options. When paired with valid AirDNA coupon codes, even higher-value purchases can feel more affordable.</p>
<p>Customers often wait for:</p>
<ul><li>clearance sales</li><li>festival sales</li><li>end-of-season offers</li><li>site-wide AirDNA Software sale events</li></ul>
<p>During these periods, combining discounts with AirDNA promo codes can unlock even bigger savings.</p>
<h2>How AirDNA Coupons & Deals Help You Save Money</h2>
<p>AirDNA coupons and promo codes work by giving you instant discounts at checkout. Depending on the offer terms, these may apply to:</p>
<ul><li>specific product categories</li><li>cart-wide purchases</li><li>selected brands or items</li><li>minimum order values</li></ul>
<p>Even when the base price is already discounted, a valid AirDNA coupon code may reduce the cost further where allowed. That's why experienced shoppers always check for:</p>
<ul><li>AirDNA coupons</li><li>AirDNA offers</li><li>AirDNA deals</li><li>AirDNA discount codes</li></ul>
<p>before placing any order related to Software.</p>
<p>Over time, this single habit can create massive cumulative savings.</p>
<h2>Best Strategy to Use AirDNA Coupon Codes Effectively</h2>
<p>Here is a practical, beginner-friendly approach:</p>
<ul><li>Decide what you want from Software</li><li>Add your preferred items to the cart</li><li>Search for AirDNA coupon codes and promo codes</li><li>Try the best two or three codes</li><li>Compare which one gives maximum discount</li><li>Proceed to payment only after the final price feels right</li></ul>
<p>If none of the AirDNA offers apply today, you can wait for an upcoming AirDNA Software sale, or bookmark the page and revisit later.</p>
<p>This converts random buying into strategic shopping.</p>
<h2>When Do AirDNA Software Deals Get Better?</h2>
<p>Savings often improve during:</p>
<ul><li>festive seasons</li><li>year-end clearances</li><li>payday sales</li><li>seasonal launch or clearance periods</li></ul>
<p>During such events, you may notice more active AirDNA coupons, promo codes, and Software deals popping up. Checking regularly increases your chances of catching a better offer and applying the right AirDNA coupon code at the right time.</p>
<h2>Who Can Benefit the Most from AirDNA Coupons?</h2>
<p>The following shopper groups benefit strongly:</p>
<ul><li>budget-focused shoppers who compare before buying</li><li>students and families aiming to control expenses</li><li>frequent online shoppers who buy Software regularly</li><li>gift buyers who shop seasonally</li><li>new shoppers trying AirDNA for the first time</li></ul>
<p>For all of them, combining shopping plans with AirDNA discounts and offers turns a normal purchase into a smarter financial decision.</p>
<h2>Common Mistakes While Using AirDNA Coupon Codes</h2>
<p>To avoid losing savings, keep these simple tips in mind:</p>
<ul><li>check expiry dates</li><li>ensure Software item is eligible</li><li>meet any minimum order amount</li><li>avoid spacing or typos in code entry</li><li>try multiple AirDNA promo codes when permitted</li></ul>
<p>Most coupon failures happen because of small technicalities. Reviewing these conditions helps AirDNA coupon codes apply smoothly.</p>
<h2>Responsible Shopping & Smart Budgeting with AirDNA</h2>
<p>Using AirDNA coupons is not only about discounts — it also encourages better budgeting habits. Planning purchases around:</p>
<p>real needs</p>
<p>valid AirDNA offers</p>
<p>seasonal price drops</p>
<p>allows you to enjoy Software without financial stress. Over time, this mindset builds long-term savings discipline.</p>
<h2>Summary: Why AirDNA Coupons Are Worth Checking</h2>
<p>To conclude, combining AirDNA coupon codes, promo codes, deals, and discount offers with thoughtful timing helps you save consistently on Software purchases. Whether you are a regular shopper or buying occasionally, making it a habit to search for AirDNA coupons before checkout is one of the simplest ways to reduce your overall spending and get maximum value from every order.</p>
<h2>Frequently Asked Questions About AirDNA</h2>",FALSE,FALSE,FALSE,FALSE,FALSE,FALSE,FALSE,FALSE,TRUE,FALSE,FALSE,FALSE,FALSE,visible,visible,https://gtqghwfnbzqzwkkitbet.supabase.co/storage/v1/object/public/merchant-images/merchants/2025/12/1767030054533-airdna-discount-code.webp,"[""Software""]","[""Software""]","[{""heading"":""Unlock 25% Savings on AirDNA Market Data Subscriptions"",""description"":""Gain exclusive insights into vacation rental trends with AirDNA’s powerful analytics platform.""},{""heading"":""Custom Data Packages Discount – Tailored for property investors"",""description"":""Significant savings on specialized market reports and data bundles.""},{""heading"":""Free demo and walkthrough with every new subscription"",""description"":""Try the market-leading analytics risk-free with expert guidance.""}]","[{""heading"":""Boost your investment with 20% off your first AirDNA subscription"",""description"":""Special offer for new customers to optimize rental income through data-driven decisions.""},{""heading"":""Affiliate program – partner referrals earn commissions"",""description"":""Benefit from expanded network growth with AirDNA referral rewards.""},{""heading"":""Seasonal rental market analysis discounts"",""description"":""Exclusive yearly pricing reductions aligned with travel seasons and market cycles.""}]","[{""answer"":""You can usually apply a AirDNA coupon code on the checkout or payment page. After adding Software items to your cart, look for a box labeled 'Coupon Code,' 'Promo Code,' or 'Apply Discount.' Enter the code carefully, apply it, and the revised total will be shown instantly if the offer is valid."",""question"":""Where do I apply a AirDNA coupon code?""},{""answer"":""New AirDNA coupons and promo codes may be released during sales, seasons, festivals, product launches, or promotional campaigns. The availability changes frequently, which is why many shoppers check regularly for updated AirDNA deals and offers before placing an order."",""question"":""How often are new AirDNA coupons and promo codes released?""},{""answer"":""Most orders allow the use of only one AirDNA coupon code at a time. However, this single code may already include strong savings or bundled offers. Terms vary by promotion, so it's always best to check the specific offer details before completing payment."",""question"":""Can I use more than one AirDNA coupon in the same order?""},{""answer"":""If the AirDNA coupon doesn't apply, check if the code has expired, review eligibility, ensure minimum cart value, remove extra spaces or typos, or try another active AirDNA promo code."",""question"":""What should I do if a AirDNA coupon code doesn't work?""},{""answer"":""Some AirDNA offers apply to site-wide purchases, while others are limited to selected Software products, brands, or minimum purchase conditions. Always review the specific terms listed with each deal or coupon."",""question"":""Do AirDNA offers apply to all Software items?""},{""answer"":""Yes, seasonal and festival periods often bring bigger AirDNA Software sales, along with fresh coupons, promo codes, and discount offers. Checking around major sale seasons increases your chances of catching better deals."",""question"":""Is there any AirDNA Software sale during festivals or seasons?""},{""answer"":""Sometimes AirDNA discounts and promo codes can be applied on already discounted items, but in other cases, they apply only to full-priced products. Always read eligibility details before relying on stacking discounts."",""question"":""Are AirDNA discounts valid on already discounted products?""},{""answer"":""Check ongoing sales, compare multiple AirDNA coupon codes, place orders during seasonal or festival offers, subscribe to alerts, and recheck deals before final checkout."",""question"":""How do I get the best AirDNA Software deals?""},{""answer"":""Sometimes first-time shopper offers or new user discounts are available at AirDNA. Availability changes frequently, so checking current offers is always worthwhile."",""question"":""Are there first-time shopper offers for AirDNA?""},{""answer"":""In many cases, AirDNA coupon codes can be used on both the website and mobile app, though some deals may be exclusive to one platform."",""question"":""Can AirDNA coupon codes be used on the mobile app and website both?""},{""answer"":""A AirDNA coupon may show invalid due to expired validity, ineligible items, minimum cart value not met, or user errors like typos."",""question"":""Why is my AirDNA coupon showing invalid?""},{""answer"":""Yes, deals can change often. New offers may be added, and expired ones removed based on campaigns, seasons, and inventory. Frequent checking ensures you don't miss better deals."",""question"":""Do AirDNA Software deals change frequently?""},{""answer"":""Some discounts can stack, but others cannot. Always read the terms of the coupon or promotion to know if multiple discounts apply."",""question"":""Are AirDNA discounts cumulative?""},{""answer"":""Compare codes, apply the best ones, and use them during sales or promotions to maximize savings on Software."",""question"":""What's the best way to use AirDNA coupons efficiently?""},{""answer"":""Subscribe to newsletters, check coupon websites, or follow AirDNA updates to stay informed about new deals and offers."",""question"":""How can I stay updated with new AirDNA coupons?""}]",[],TRUE,0,2025-09-22 06:53:01.829196+00,2026-02-25 11:45:32.892342+00,'airdna':1 'software':2,33,template,,,,,,,,39,2,2
